Age,Weight,Activity Level,Daily Routines,Water Intake (ml)
56,78.0,sedentary,Computer act time face.,2574.0
69,70.69,active,True federal same top.,2898.29
46,77.69,sedentary,South expect bad song surface evening guy product.,2408.39
32,62.2,active,Soon participant be develop international through fight.,2550.2000000000003
60,87.81,moderate,Production true center another compare option finally.,3424.59
25,72.52,moderate,Couple other too car.,2755.7599999999998
38,74.0,active,Ground southern yeah several doctor culture born.,3034.0
56,62.15,sedentary,Pattern just property piece.,1988.8
36,74.72,moderate,Court executive hour throughout record program health.,2764.64
40,76.51,sedentary,Write fear doctor report face white not.,2601.34
28,58.3,moderate,Notice cost chair purpose.,2273.7
28,53.41,active,Serious describe cold partner wait sing.,2136.3999999999996
41,72.94,active,Pressure key suffer present level.,2917.6
70,65.11,active,Have full it bank.,2604.4
53,72.6,moderate,Share city us service glass.,2831.3999999999996
57,57.09,sedentary,Camera develop course.,1941.0600000000002
41,54.39,sedentary,Population too throw where image positive although.,1849.26
20,72.07,sedentary,Beautiful election security fall couple.,2306.24
39,66.5,moderate,Light example human activity every.,2593.5
70,48.89,moderate,Begin wrong your seven star stage value.,1808.93
19,83.43,moderate,Middle activity assume word myself hour be.,2920.05
41,56.92,moderate,Represent indicate thought personal final.,1992.2
61,95.73,moderate,Whom research show beat through.,3350.55
47,63.76,sedentary,World bad exactly affect government allow.,1976.56
55,74.02,moderate,Democratic according TV memory almost.,2664.72
19,86.47,moderate,Final experience wait thing where put.,3285.86
38,84.79,sedentary,Provide far method present rule down how.,2798.07
50,89.86,moderate,Since game on early particularly.,3414.68
29,54.77,sedentary,Range interest strategy crime way.,1697.8700000000001
39,58.64,sedentary,Establish his evening.,1817.84
61,72.26,active,Language decision network ball grow imagine stage.,3107.1800000000003
42,78.4,active,Artist bill apply office only place spend dinner.,3371.2000000000003
66,69.89,active,High rest break career Republican message.,3075.16
44,53.62,active,Drug pressure article sense garden.,2305.66
59,74.97,moderate,Dinner decade reach understand relate fall party.,2923.83
45,68.06,active,Address thought forget prevent light toward.,2858.52
33,67.94,sedentary,Step gas hand low.,2106.14
32,47.22,moderate,Summer else deal size condition more.,1794.36
64,77.97,active,Then line once camera pick body.,3196.77
68,71.45,sedentary,Know relationship cup fight serve money.,2214.9500000000003
61,87.95,moderate,Stock after wish guess section on.,3166.2000000000003
69,69.25,moderate,Quite rich morning high stock.,2562.25
20,75.66,active,Our number until figure base always.,3026.3999999999996
54,78.32,moderate,Effect product senior five.,2976.16
68,52.54,sedentary,Sound employee eye.,1576.2
24,96.17,moderate,Ready it good item economy including memory.,3365.9500000000003
38,65.69,sedentary,Change politics them agree.,1970.6999999999998
26,74.95,moderate,First rest himself off show.,2698.2000000000003
56,76.41,active,Politics rule discover evidence read amount PM.,3362.04
35,61.85,sedentary,Character evidence security.,1917.3500000000001
21,88.47,moderate,Subject detail trouble.,3184.92
42,72.66,moderate,Particularly professor risk purpose professor official site throughout.,2543.1
31,67.87,moderate,Nearly sing film according single kid hospital each.,2443.32
67,71.39,sedentary,Less change animal pay process national often.,2141.7
26,77.64,sedentary,Effort forget major strong.,2639.76
43,70.11,sedentary,Dinner situation three smile reach let sense.,2313.63
70,78.82,active,Old woman together population economy same.,3152.7999999999997
19,53.15,active,Cultural plant might middle top.,2338.6
37,62.52,sedentary,Degree common appear play into.,2063.1600000000003
45,48.61,moderate,Site these center rate.,1798.57
64,89.97,active,Community your style environment six body water.,3598.8
24,89.84,sedentary,Line open dark operation friend.,2695.2000000000003
61,76.27,moderate,Decade speech oil improve herself.,2821.99
25,59.87,active,Turn success hear girl attorney rule.,2514.54
64,93.9,moderate,Put month water hard decision space store.,3286.5
52,63.96,moderate,Yeah PM history dream.,2366.52
31,67.87,moderate,Take sell should project best room anything.,2443.32
34,71.6,moderate,Identify or responsibility look season.,2720.7999999999997
53,74.52,active,Piece yeah form above economic political.,3204.3599999999997
67,76.44,active,Bad rate attack leave century foot service.,3286.92
57,76.84,active,Financial rule create carry trial.,3150.44
21,68.55,sedentary,Write get popular suggest kid population then.,2193.6
19,76.68,active,Long among bring past own idea main.,3373.92
23,68.11,moderate,Media physical enter young as worry.,2520.07
59,75.79,active,Her enough night read.,3031.6000000000004
21,74.97,moderate,Message citizen seven.,2848.86
46,77.63,sedentary,Leave marriage nor Democrat assume.,2484.16
35,76.38,moderate,Production matter back prevent weight from.,2978.8199999999997
43,65.58,moderate,Assume assume later away either stuff.,2295.2999999999997
61,74.59,moderate,Herself door cultural result future choose what.,2685.2400000000002
51,76.53,sedentary,Into simple song hand low work.,2372.43
27,57.09,active,Choose fund morning about identify wife computer.,2511.96
53,67.26,active,Whole know group life quality.,2690.4
31,76.08,sedentary,Candidate him charge Republican response example.,2510.64
48,87.09,moderate,Service eye certain call recently party he.,3222.33
65,78.25,active,Answer individual now their live level.,3130.0
32,87.72,sedentary,Over might direction mission blood improve.,2719.32
25,66.02,active,About have against fill pressure without.,2904.8799999999997
31,72.5,sedentary,Level body different design some me hard.,2465.0
40,78.06,moderate,Measure husband air cell walk character here.,2888.2200000000003
57,46.74,active,Wrong according individual name story loss.,2056.56
38,85.11,sedentary,Always writer new.,2893.74
33,51.39,active,Wind key business bar.,2055.6
62,79.97,active,System figure describe catch see after wrong.,3438.71
35,76.87,active,Nearly three station need pass bring stand.,3228.54
64,46.6,active,Whether place traditional last station road.,1864.0
70,47.11,sedentary,She issue method nothing on adult.,1554.6299999999999
41,84.32,moderate,Ready through part whose article.,2951.2
43,82.15,sedentary,Finally citizen save contain since herself guess any.,2464.5
42,61.19,sedentary,Expect main stuff.,2080.46
62,61.18,sedentary,Wide cause again personal part far.,2018.94
58,75.13,moderate,Office trade job beyond stay report support stuff.,2779.81
46,69.87,active,Fine accept case list.,2934.54
32,80.54,active,Major send back garden.,3463.2200000000003
62,74.8,active,Put son process event what.,3291.2
18,85.83,moderate,Fact require notice two performance.,3089.88
42,79.7,active,Five reveal like cold when make lead.,3188.0
24,77.21,moderate,Data season your.,3011.1899999999996
26,66.48,active,Story adult black.,2858.6400000000003
41,65.75,active,Deep particularly Mr someone far.,2630.0
18,69.48,sedentary,Discussion the want pay own agreement.,2223.36
61,88.41,moderate,Least food animal position.,3182.7599999999998
25,65.94,sedentary,Situation car resource usually dinner tend onto.,2110.08
41,72.61,sedentary,Floor thing civil newspaper even time break.,2396.13
28,47.55,sedentary,Boy practice that wear off think occur.,1426.5
68,76.76,moderate,Else exist moment scientist deep current.,2916.88
34,92.57,moderate,Contain responsibility answer cultural.,3239.95
25,60.66,active,Identify opportunity race shoulder talk keep particular.,2669.04
52,101.74,sedentary,Worry change top mean.,3153.94
52,71.82,active,Congress fish away international throw fight reflect than.,3160.08
50,44.27,sedentary,As Congress near both at between.,1505.18
22,66.14,moderate,Others my performance car.,2513.32
59,83.3,moderate,Usually better run skin.,2998.7999999999997
56,89.99,moderate,Every too black.,3149.6499999999996
58,77.18,sedentary,Boy nature within us necessary.,2315.4
45,85.68,moderate,Face up do.,3170.1600000000003
24,58.22,sedentary,Conference true cover near us hear central.,1746.6
26,63.2,active,Coach player environmental station character cut radio.,2717.6
25,53.21,sedentary,Happen image better.,1809.14
29,63.95,active,Need big than recently assume conference free.,2813.8
51,77.62,sedentary,Long early career traditional space find television threat.,2639.08
50,72.13,active,Scientist similar serious actually.,2957.33
65,78.68,moderate,Interesting member less close article well police hit.,2753.8
40,60.63,active,Discussion eight yourself significant.,2607.09
41,61.24,moderate,Teach school show guess perhaps ability partner chair.,2204.64
54,72.05,moderate,Set five practice individual character industry daughter.,2665.85
52,63.97,active,Reflect now model door stock thought dinner character.,2750.71
61,83.02,sedentary,Often fine wait owner drive Mrs table art.,2739.66
57,63.73,sedentary,Republican professor bit state goal room available.,2103.0899999999997
39,65.05,sedentary,Any play good goal expert reason between.,2211.7
44,74.19,sedentary,Show good cost easy.,2448.27
52,66.11,sedentary,Special fast raise home name total.,1983.3
18,57.65,moderate,Society number alone.,2190.7
52,59.01,sedentary,Message its take analysis real air there.,2006.34
54,75.38,moderate,Back amount leader draw true.,2864.4399999999996
64,56.41,moderate,Administration option son common.,2087.17
31,83.97,moderate,Leave home reality lot political mean.,3106.89
20,63.1,active,Food beyond ask.,2776.4
18,76.16,active,These school vote area for subject year.,3046.3999999999996
22,63.7,moderate,Magazine let prevent purpose price officer.,2229.5
43,60.85,active,Anyone look television.,2494.85
31,72.46,sedentary,Computer later store woman item business.,2463.64
56,80.52,sedentary,When quality drive.,2657.16
44,67.53,moderate,Letter pull wall these.,2633.67
26,69.35,sedentary,Ground college remain Republican onto.,2149.85
32,78.07,moderate,American character itself ground final medical.,3044.7299999999996
32,78.41,moderate,Send anyone left wide success break perhaps.,3057.99
43,69.62,sedentary,Account responsibility child explain.,2158.2200000000003
59,65.57,active,Cause team national environmental poor election.,2622.7999999999997
30,70.83,sedentary,About improve family particular pressure west.,2337.39
68,68.09,sedentary,Nearly list production hit all pretty third.,2110.79
49,73.13,moderate,Raise suffer rate agree game fall.,2705.81
56,58.06,moderate,Certain check western ability forget.,2032.1000000000001
66,72.77,moderate,Still many especially there.,2692.49
69,62.82,moderate,Body southern see rate little seat black.,2198.7
49,79.06,active,View size across kitchen simply organization sing perform.,3399.58
21,63.28,active,Candidate baby national dark week.,2721.04
47,63.45,active,Growth issue season public.,2791.8
54,74.45,moderate,Tell seem reason doctor movement myself carry.,2754.65
40,70.14,moderate,Every history free war behind become.,2454.9
56,92.77,moderate,Sea support with us PM.,3525.2599999999998
62,53.71,active,State film quite test page positive.,2202.11
32,71.1,moderate,Really enough heavy body speech than government.,2701.7999999999997
60,81.3,sedentary,Wind nothing home challenge least.,2520.2999999999997
46,64.22,sedentary,Word cut city minute.,1926.6
53,60.89,moderate,Use home recognize because ball simply box.,2313.82
30,61.29,sedentary,Cup choice but ok rich blue.,2022.57
49,53.88,sedentary,Experience town rise PM available.,1616.4
24,83.5,active,Down upon who fact.,3590.5
68,66.7,moderate,Candidate enter middle.,2401.2000000000003
39,65.52,moderate,Risk environment likely.,2489.7599999999998
45,48.76,active,No leg notice guy bar cut item.,2047.9199999999998
19,55.66,sedentary,Usually stand order increase peace cell different.,1892.4399999999998
59,84.65,sedentary,Majority factor market trial number then.,2624.15
62,73.03,moderate,Research together our bit the table.,2702.11
70,81.67,sedentary,Think region miss resource.,2450.1
23,80.4,active,Start their today indeed.,3296.4
45,59.99,active,These important event single bill stuff.,2639.56
45,94.3,moderate,News similar yourself address.,3677.7
61,89.5,active,Energy truth usually check take authority.,3580.0
61,64.36,active,Institution such attorney open democratic perform education line.,2574.4
37,34.32,moderate,Full claim raise number.,1235.52
47,66.43,active,Mention technology relationship.,2856.4900000000002
28,72.38,active,Reflect dog until certain firm pull really.,2895.2
45,64.32,active,Sort allow soon painting we.,2765.7599999999998
42,67.78,sedentary,Wind simple all letter policy benefit day.,2168.96
56,61.71,moderate,President write figure free officer.,2406.69
50,79.22,moderate,Live rock three worker night computer contain.,3010.36
18,70.64,moderate,Threat series success share student chance responsibility.,2754.96
44,79.52,sedentary,Size whatever side too set difference.,2624.16
69,82.22,sedentary,Former truth major main.,2631.04
30,48.26,moderate,Daughter phone company education.,1689.1
58,62.29,sedentary,Fall arrive dinner establish affect black time.,1993.28
20,63.76,moderate,Lead view here family.,2231.6
56,95.71,sedentary,Back physical four campaign officer without.,2871.2999999999997
23,71.49,active,Mind present new.,3145.56
25,78.13,active,Role knowledge goal laugh group.,3281.46
44,51.19,moderate,College popular include green hold give pay.,1945.2199999999998
26,71.43,sedentary,Wife standard sense who.,2285.76
54,79.78,sedentary,Important gas country attack perhaps appear.,2712.52
50,78.62,active,Often beautiful teacher operation let a represent those.,3144.8
68,76.23,active,Her value evening generation station.,3354.1200000000003
59,70.13,sedentary,Manager space court win trade.,2174.0299999999997
61,70.62,sedentary,Spend determine maintain remain until.,2189.2200000000003
41,53.07,sedentary,Truth weight cause phone.,1751.31
32,60.99,sedentary,Each outside still determine.,2073.66
49,72.31,sedentary,Experience different those arrive.,2386.23
49,62.84,sedentary,Lot fact every evening as nothing.,2073.7200000000003
41,76.89,moderate,Deal ever black assume clear crime together.,2768.04
58,74.67,sedentary,Realize model song break red perform.,2464.11
69,83.67,active,Range in energy live position.,3430.4700000000003
66,79.58,moderate,Space soon upon test phone bad.,2785.2999999999997
66,72.27,sedentary,Spring amount hospital happen positive management.,2457.18
69,77.48,active,Campaign imagine form reach.,3331.6400000000003
29,80.05,moderate,Build rule two the.,2881.7999999999997
56,64.93,active,Between also hair customer loss save.,2727.0600000000004
19,66.71,sedentary,Result hundred low soon.,2201.43
20,69.03,sedentary,Allow describe day shake.,2070.9
66,65.24,sedentary,Realize one close another black follow.,1957.1999999999998
54,80.16,sedentary,Actually fear become choose.,2565.12
66,63.73,moderate,Price story company born security newspaper.,2294.2799999999997
34,82.52,moderate,Message treat audience dinner candidate already language.,3135.7599999999998
66,66.33,active,Movement by blood teacher three cold.,2719.5299999999997
19,74.72,sedentary,World chance clear ok.,2241.6
19,71.66,active,Join can question position source fight.,2938.06
45,60.24,moderate,Order toward radio about.,2108.4
40,69.8,sedentary,Single would on leader grow meeting.,2163.7999999999997
54,73.34,sedentary,Material game member himself office party.,2346.88
49,69.36,moderate,Carry senior see I exist weight.,2705.04
50,56.57,moderate,Staff school of.,2093.09
18,87.01,moderate,Clearly international poor her poor may participant.,3219.3700000000003
36,70.88,moderate,Talk expect where job wall attack.,2764.3199999999997
19,62.06,moderate,Require another sign.,2420.34
70,86.21,sedentary,Light couple modern prevent different.,2844.93
61,76.17,moderate,Tax kind factor several.,2894.46
43,58.0,sedentary,Shoulder how experience relate.,1856.0
49,59.56,sedentary,Quite spring change sure return weight.,1905.92
23,67.78,moderate,Wear newspaper pull country itself shoulder over.,2372.3
49,72.97,moderate,Perform baby because foreign event fire.,2553.95
21,76.23,sedentary,Thus consider interview to where.,2515.59
28,79.5,moderate,Raise book push whose.,3021.0
34,75.4,moderate,Peace for professor poor.,2639.0
55,83.47,moderate,Base miss the us hit hour question.,2921.45
41,71.27,active,Fear situation raise fast join hard.,2922.0699999999997
22,62.4,sedentary,Return rate court argue chance myself Congress.,1934.3999999999999
69,69.97,active,Economy build bring say.,2798.8
51,69.31,moderate,Hand analysis item attorney quite.,2495.16
23,44.22,active,Something dark service keep.,1945.6799999999998
39,64.39,moderate,Effort something dinner operation save himself young.,2446.82
28,73.14,active,Nor son image get.,3145.02
65,65.76,moderate,Statement practice market crime bag point culture better.,2301.6000000000004
33,63.54,active,Determine billion condition worry mean job condition watch.,2668.68
50,79.11,active,Might recognize example item simply within tonight instead.,3164.4
26,60.83,active,Level debate note although.,2494.0299999999997
23,77.12,sedentary,Soon card then cell than.,2467.84
33,56.67,active,Special maintain cultural most sound public decide.,2323.4700000000003
46,97.61,sedentary,During evidence now possible my.,3318.74
20,67.84,moderate,Past happen day Mr.,2442.2400000000002
37,66.77,active,Energy well response state return explain population.,2937.8799999999997
53,81.43,moderate,Computer force hold simply room throw.,3175.7700000000004
36,65.81,moderate,Cup best your source Congress.,2369.16
43,84.55,active,Admit seven dinner defense east again the.,3466.5499999999997
20,73.72,sedentary,Form ago administration consider particularly.,2506.48
36,68.82,active,Ground wrong least herself opportunity maintain.,2890.4399999999996
37,67.75,moderate,Moment deal among theory fly record great.,2642.25
49,82.08,moderate,Film week old population resource.,3119.04
24,72.3,active,At fly spend doctor anything section seat answer.,3181.2
69,74.32,sedentary,Book family pass miss step thing former.,2378.24
58,75.41,sedentary,Former particularly go discussion meeting let.,2488.5299999999997
50,71.33,moderate,Pretty prevent across although.,2496.5499999999997
57,75.2,moderate,Him born dinner local fire discussion.,2632.0
56,68.82,sedentary,College create top suddenly.,2202.24
35,69.5,active,Unit at by already admit former certain song.,3058.0
57,58.81,moderate,Be development direction cell radio hard performance.,2117.16
18,72.98,sedentary,Front cultural great government war carry.,2335.36
28,52.8,moderate,Artist culture special question majority.,2006.3999999999999
45,72.84,active,Contain loss against stock operation though.,3132.1200000000003
42,67.19,sedentary,Identify individual whom tonight since send when agency.,2015.6999999999998
67,73.75,moderate,Approach short seat spring mind.,2802.5
40,59.51,active,Most single education perform behavior.,2499.42
48,48.81,moderate,Economy serious happen long enter great week group.,1854.7800000000002
47,66.49,active,Require believe Democrat walk.,2792.58
59,59.54,active,Daughter investment fast husband.,2441.14
52,52.19,sedentary,Huge science evening already.,1565.6999999999998
24,77.68,active,Bad reality edge free among every keep.,3340.2400000000002
33,86.01,moderate,Several soldier eight.,3182.3700000000003
43,62.03,active,College evening while.,2729.32
65,69.24,active,Safe another difference.,2769.6
69,66.92,sedentary,Customer dinner would still produce.,2074.52
66,63.41,active,Hard since side wrong join brother total about.,2663.22
19,76.64,active,National north play argue indeed democratic reveal.,3142.2400000000002
18,80.1,moderate,Public current next occur common believe.,2883.6
65,61.31,sedentary,Network energy sort method parent.,2023.23
29,70.45,sedentary,Himself office always likely.,2324.85
22,82.85,sedentary,Personal assume research series.,2651.2
54,76.89,active,Whole area newspaper ever.,3383.16
49,78.38,sedentary,Design note everybody moment condition job.,2508.16
26,83.68,active,Image final resource both perhaps.,3681.92
58,83.55,active,List hand receive.,3425.5499999999997
52,80.29,moderate,Someone reflect during help reflect.,2810.15
36,71.45,moderate,Politics garden beautiful policy describe result like.,2643.65
65,66.18,moderate,In any drop tax.,2448.6600000000003
33,71.03,moderate,Media matter peace reflect.,2770.17
20,64.66,moderate,Line force a ahead study involve.,2327.7599999999998
37,50.48,active,White plant happy.,2069.68
41,67.21,active,Anything force benefit young natural reduce.,2957.24
50,73.58,sedentary,Impact deal Mrs discuss.,2280.98
41,64.13,active,Likely family brother indeed.,2757.5899999999997
69,68.07,active,Western bring assume hear test unit key.,2722.7999999999997
28,68.46,moderate,War debate professor dark.,2533.02
66,83.57,active,Former but where see out ago.,3342.7999999999997
25,66.41,moderate,Next manage culture home physical.,2457.17
53,83.57,sedentary,Face beautiful fire huge.,2757.81
55,42.88,sedentary,Prevent fight effort soon.,1329.28
57,83.48,active,Together kind woman magazine.,3673.1200000000003
37,82.97,sedentary,Month south that local shake town report seek.,2738.0099999999998
52,79.02,active,Security thousand such light south.,3160.7999999999997
65,49.88,sedentary,Ever know true interesting language sound.,1695.92
42,80.19,moderate,Mr never concern memory professional fast.,2886.84
52,69.5,moderate,Do great if.,2641.0
42,44.71,moderate,East night other.,1743.69
46,82.98,moderate,Close second heart drop maintain.,3153.2400000000002
35,84.44,active,Want role size our make.,3630.92
63,50.95,sedentary,Store night wish such direction.,1579.45
35,71.75,active,Voice work however image.,3013.5
19,83.89,moderate,Power social knowledge recognize.,3271.71
52,82.3,active,My story live realize.,3374.2999999999997
33,78.36,sedentary,Now fact here so as leg some.,2585.88
58,43.53,active,Effort travel small medical.,1784.73
53,77.3,sedentary,Manage idea prepare another.,2473.6
50,67.82,active,Let four exist movement remain approach money.,2984.08
21,79.96,sedentary,Unit power writer stuff store.,2558.72
50,72.56,sedentary,Risk item theory he federal tend once visit.,2176.8
31,69.8,moderate,Improve want let reason available care.,2722.2
38,76.41,sedentary,Inside girl good north question because power.,2445.12
65,68.28,moderate,Produce wind rest subject.,2594.64
37,69.76,moderate,Show resource past director hard.,2720.6400000000003
25,64.45,moderate,Could newspaper item pull order sit.,2513.55
24,53.95,active,Song style message whether instead want just performance.,2211.9500000000003
20,75.68,active,Enjoy bit enough go realize leader our.,3254.2400000000002
34,61.94,active,Lead friend economic record.,2477.6
50,67.99,active,Who eye Congress other wind whole.,2855.58
65,72.87,sedentary,Growth choose memory camera.,2258.9700000000003
29,49.15,sedentary,And sit hand positive cut not card sure.,1572.8
68,51.39,active,Interest seven article international responsibility.,2055.6
39,67.0,sedentary,Book operation mention between brother question.,2010.0
39,74.55,sedentary,Newspaper sport must medical stand.,2534.7
63,77.44,moderate,Community cut speech risk indeed already.,2710.4
47,54.09,moderate,Simple guy general value name result.,2001.3300000000002
55,76.37,moderate,Home teach there pretty who you remember understand.,2902.0600000000004
55,67.55,moderate,Federal assume huge plan south to.,2566.9
62,61.17,sedentary,Most because carry door become.,2079.78
68,63.51,active,Produce partner right.,2667.42
25,78.02,sedentary,Recent smile tree into series interview stop.,2496.64
44,72.74,sedentary,Figure lot turn past trade.,2182.2
44,70.5,sedentary,Sound run build treat practice heavy.,2256.0
51,72.43,moderate,Strategy factor own like somebody current chance.,2607.4800000000005
38,79.28,moderate,Thank home offer name economy.,2774.8
47,69.03,moderate,Reveal production experience scene follow.,2485.08
50,70.54,active,Your view big.,3103.76
45,81.38,sedentary,Trial low half surface up.,2685.54
64,66.68,active,Plant not well three hotel history hospital.,2933.92
50,76.18,moderate,Tell much old respond.,2894.84
22,64.96,active,Look reduce much determine.,2858.24
65,65.84,sedentary,General weight international cup.,2106.88
36,68.96,sedentary,Key news trip production environment cut western.,2137.7599999999998
21,75.15,moderate,And race six magazine believe himself.,2855.7000000000003
52,81.94,moderate,Plant point level word card you listen within.,2867.9
66,70.97,active,Majority five home receive such.,2909.77
34,55.0,moderate,Couple live green ever hair relate task us.,1925.0
61,76.31,moderate,Along social feel far benefit statement friend.,2747.16
45,94.54,sedentary,On environment rock also follow can prove hit.,2930.7400000000002
47,71.09,moderate,Anything interesting interview.,2772.51
46,52.91,moderate,Meeting include natural spend oil appear.,2010.58
63,71.7,sedentary,Yet miss develop possible today.,2366.1
70,69.97,sedentary,Dog including idea of fall.,2169.07
23,69.13,active,When official hundred black beat whatever.,2903.46
52,79.45,moderate,News level ball health interesting.,2939.65
58,83.78,sedentary,Summer center experience cause wear yet soon then.,2513.4
54,76.84,active,Amount value third purpose minute democratic above up.,3073.6000000000004
41,68.67,active,Speak answer staff.,3021.48
46,81.26,moderate,Six face billion energy white once.,2925.36
66,55.06,moderate,Under difference believe cause.,1927.1000000000001
63,62.84,active,Product pull lay actually.,2513.6000000000004
70,63.95,sedentary,Deep forget cup glass in.,1982.45
48,69.69,active,Mother continue enough soldier quality.,3066.3599999999997
52,75.07,moderate,Station personal wind city.,2627.45
50,67.99,sedentary,Imagine sign realize majority.,2311.66
69,60.94,sedentary,Its own expect table keep.,2011.02
38,79.75,active,When under grow sport art heart.,3509.0
49,67.65,moderate,Body indicate call behind give paper.,2503.05
40,71.02,active,When simple make short.,2982.8399999999997
50,75.51,active,Test once country full special international central force.,3322.44
20,70.39,active,Support approach cut reflect soon whom.,2956.38
35,70.43,sedentary,Law half continue minute between guy.,2324.19
42,80.3,sedentary,Maintain fund already.,2489.2999999999997
59,71.51,moderate,Candidate society list administration simple ten coach account.,2645.8700000000003
48,78.63,moderate,Little difficult behavior benefit.,2909.31
20,75.45,active,Give power simply factor success.,3319.8
57,90.17,active,Hospital recent never level seem little story.,3877.31
63,74.09,active,Manager four arm establish hand.,3037.69
41,76.38,moderate,Practice help nice hour star.,2978.8199999999997
67,81.02,sedentary,Pick nation star catch.,2754.68
49,70.64,sedentary,His toward including first.,2331.12
64,63.62,active,Simply interview design concern.,2608.42
39,65.26,active,Special I key heart top drive.,2806.1800000000003
40,65.35,active,Must new see conference pass much often.,2679.35
19,60.5,active,School evening apply head girl majority whom.,2601.5
44,73.18,moderate,Night speech enter reduce send watch.,2854.0200000000004
59,63.7,sedentary,Last leg class loss.,2165.8
19,71.95,active,Public worry break yeah community us six.,2878.0
43,68.41,moderate,Education until which color.,2531.17
34,69.58,active,Score body huge whatever deep people education.,2991.94
57,75.56,active,It realize reveal from.,3022.4
50,64.58,sedentary,Person build under charge time despite training.,2066.56
26,76.39,active,Occur party determine.,3284.77
60,85.67,sedentary,Federal over issue mean worry Republican poor.,2655.77
65,73.43,sedentary,Check lay draw that possible control audience.,2349.76
56,62.18,sedentary,Son kind cell explain team with.,2114.12
46,63.85,moderate,Food woman benefit pick decade.,2234.75
59,67.52,moderate,Almost letter dream chair.,2498.24
43,64.05,sedentary,Prevent last guess cost campaign find painting.,2049.6
52,60.09,active,Or then impact technology war hospital.,2643.96
67,71.54,sedentary,For so project rich person dinner.,2360.82
42,67.79,active,Left camera option interview above expert.,2779.3900000000003
41,71.9,sedentary,Model to claim education production.,2444.6000000000004
30,81.86,active,Fall system team west plant message prevent beautiful.,3356.2599999999998
24,67.64,moderate,Maintain piece say movement.,2570.32
53,58.15,active,About development difficult movie.,2442.2999999999997
62,66.01,sedentary,Last girl position usually debate.,2046.3100000000002
37,77.7,moderate,Reality about choose very toward.,2719.5
18,76.77,active,Address mission old turn always technology data.,3070.7999999999997
25,75.19,active,Change provide bank kind drug heart wind quite.,3308.3599999999997
63,63.75,active,Today lay manager yourself blue far memory though.,2741.25
33,77.52,active,Carry tax effort painting.,3410.8799999999997
31,79.77,active,Glass office society similar girl choose reveal.,3509.8799999999997
29,63.05,moderate,Enter score evening instead anything college husband.,2458.95
68,69.58,moderate,Project sell buy statement include something old.,2435.2999999999997
40,90.2,moderate,Itself out dinner hair question.,3157.0
32,62.6,moderate,North owner cold.,2441.4
45,52.95,sedentary,Air land system short lot upon lay.,1588.5
51,83.83,moderate,Among threat soon travel.,3185.54
19,81.37,active,Challenge street grow.,3580.28
49,65.43,active,Mr story you board doctor activity.,2617.2000000000003
40,68.87,moderate,Strong image they find election.,2479.32
39,57.75,active,Home purpose police travel.,2541.0
68,70.89,moderate,Production similar early.,2764.71
42,81.66,active,Political war both leg hour worker politics.,3511.3799999999997
39,64.57,sedentary,Artist still of behavior although.,2066.24
39,78.77,sedentary,Then summer moment of first myself control only.,2520.64
66,74.64,moderate,Side require sing structure.,2836.32
69,75.78,moderate,Campaign adult next successful same health less.,2879.64
59,65.16,moderate,Capital by should ball shake its imagine.,2476.08
23,66.45,active,Bar quality pattern increase mind strategy.,2790.9
32,51.53,moderate,Task really cover.,1958.14
60,64.33,sedentary,Think Republican strong thing light role short show.,1929.8999999999999
54,81.63,active,Customer often imagine never.,3591.72
50,60.71,moderate,Threat agent amount often career.,2367.69
25,62.2,active,Computer nice kid spend.,2550.2000000000003
70,76.4,active,Attorney language how administration national move view.,3132.4
61,74.03,moderate,Ground manager sea.,2887.17
61,76.9,active,Employee building old.,3076.0
22,58.37,sedentary,Exactly sister enjoy recently field debate.,1867.84
56,95.64,sedentary,Morning create organization somebody later.,3060.48
21,57.84,active,Where man matter yeah any.,2313.6000000000004
23,71.54,moderate,Foreign year meet central simple action reflect.,2646.98
62,68.41,active,Executive yourself see year.,2941.6299999999997
49,58.13,sedentary,Child avoid already dream left win east.,1976.42
69,66.3,active,Create later work.,2917.2
47,70.23,active,Nice side design really that throughout who.,2809.2000000000003
64,63.5,sedentary,Wife coach mean certainly receive.,2032.0
52,79.37,active,Maintain of education speech.,3254.17
57,68.38,active,Mission phone modern style start policy.,2803.58
69,56.59,moderate,Old blood deep blue action.,2093.83
33,55.74,moderate,Bed young treat state.,2006.64
30,76.06,sedentary,Understand us public discuss seek.,2281.8
67,55.13,sedentary,Front dark some early through.,1653.9
59,73.16,sedentary,Fire scene much middle including a point.,2341.12
47,74.45,moderate,Community sport performance option garden.,2680.2000000000003
36,60.05,sedentary,Throw figure difference song on sell week.,1801.5
34,78.91,sedentary,Society everyone security window will.,2367.2999999999997
36,52.82,sedentary,Change inside man.,1743.06
45,72.96,moderate,Deep education miss purpose.,2772.4799999999996
43,69.59,active,Wear future maintain save seek rise.,2783.6000000000004
54,68.81,sedentary,Almost choice note build figure.,2201.92
43,58.22,active,Him dark student.,2561.68
70,60.63,sedentary,Source debate least whom west.,2061.42
40,86.19,active,Suggest true care hospital.,3447.6
26,82.15,moderate,Media piece should say away house.,2875.25
29,77.42,moderate,Explain life send other town him.,2709.7000000000003
70,79.4,sedentary,Skill a good leave treat.,2540.8
18,78.46,active,Girl relationship share partner white idea inside.,3373.7799999999997
18,66.77,moderate,Standard role rich office project left us.,2336.95
64,70.48,sedentary,Wide firm day.,2114.4
51,55.27,sedentary,Me thus ability marriage would smile.,1713.3700000000001
49,69.1,moderate,If any night.,2556.7
65,81.83,moderate,Camera authority offer side owner.,2864.0499999999997
42,63.39,sedentary,Debate time magazine away score.,1965.09
57,80.23,active,Up arrive your tell large model.,3530.1200000000003
62,70.92,active,Relate human magazine yourself those.,2836.8
70,56.15,active,Education size glass line culture record direction.,2246.0
18,58.93,sedentary,Office eight sport.,1826.83
33,79.19,moderate,Evidence week hard none.,2930.0299999999997
56,75.53,sedentary,Reality fear we buy company.,2265.9
22,71.02,moderate,Ready sea give hundred.,2769.7799999999997
39,67.26,active,Soldier explain second there between.,2690.4
46,72.11,active,Many movement voice center street around total.,3172.84
20,78.8,moderate,Drop people food floor little.,2994.4
29,84.76,moderate,Red small rest already management check.,3220.88
43,85.24,sedentary,Half federal firm standard practice much audience unit.,2898.16
33,73.72,active,Table agreement summer I.,3096.24
68,68.28,sedentary,Country place item summer require myself.,2048.4
54,71.46,sedentary,Government size stock case space general this.,2143.7999999999997
39,75.22,sedentary,Raise age this ground worry if threat.,2482.2599999999998
46,75.18,active,Picture next training condition street.,3307.92
31,83.08,sedentary,Scientist professor pretty individual.,2492.4
45,91.16,sedentary,Old seat particularly why.,2734.7999999999997
22,67.95,sedentary,Party water sometimes blue for ready radio dark.,2174.4
64,91.56,sedentary,Commercial firm difference.,2838.36
66,81.72,sedentary,The pretty evening professional call people audience yeah.,2696.7599999999998
47,68.99,sedentary,Since interesting less.,2276.6699999999996
63,84.99,active,Finally stop baby most entire set.,3484.5899999999997
69,86.86,sedentary,Late other whole board identify point officer.,2605.8
22,65.4,moderate,So itself like serve organization.,2419.8
29,87.32,sedentary,Turn fire pressure rule continue meeting.,2794.24
33,80.75,sedentary,Let report church before room since help probably.,2664.75
43,93.69,active,Play bit factor save find character class.,3934.98
43,65.76,active,Business thought edge gun.,2696.1600000000003
65,66.47,moderate,Over technology sea exist mouth too certain.,2326.45
38,49.73,moderate,Treatment guess state baby who second character.,1790.28
56,75.71,active,Memory feeling property big another.,3331.24
53,73.75,active,Green beyond with president tree picture.,3171.25
50,64.37,sedentary,Sea important teacher across.,2059.84
47,69.18,active,Moment everything around onto.,3043.92
54,56.89,moderate,Chance yard campaign in bar crime law not.,2104.93
40,81.98,sedentary,Of likely body interesting contain.,2459.4
27,65.1,moderate,Standard few system performance about trial successful.,2278.5
22,100.94,sedentary,Include simply line response away produce.,3028.2
53,68.24,active,Along pattern cost join.,2866.08
51,62.4,moderate,Wall black door range available real pass.,2433.6
69,65.88,sedentary,Thank rate lead here write.,1976.3999999999999
48,55.88,sedentary,Discuss TV image red become money.,1899.92
27,74.82,active,Husband decision perform.,3142.4399999999996
36,65.8,active,Difficult just behind small soon suggest.,2895.2
49,81.31,active,Health which air official figure interest himself.,3415.02
18,67.25,moderate,Range choice common president.,2488.25
22,83.84,sedentary,Three deep sing show.,2766.7200000000003
62,77.57,active,Media really audience fall someone brother edge pass.,3257.9399999999996
21,70.29,moderate,Service service bit speech position crime.,2600.73
33,85.8,moderate,Ask factor poor thing age carry direction.,3088.7999999999997
41,79.52,moderate,General through include though billion politics.,2783.2
33,99.46,active,Report serve president responsibility.,4276.78
19,65.91,active,Father kind operation environment person investment.,2834.1299999999997
66,70.77,sedentary,War just method happy.,2335.41
45,85.69,sedentary,Kitchen officer work century daughter arm.,2656.39
49,54.56,active,Up customer him thus rate.,2291.52
44,83.17,moderate,Detail line plant drug really reason.,2910.9500000000003
37,74.39,moderate,A week almost skin life every.,2901.21
41,61.12,moderate,Need what five question of dream ball.,2261.44
29,56.37,sedentary,Speak face usually human left manager hard peace.,1747.47
67,63.28,moderate,Lot myself alone offer administration western.,2341.36
52,47.15,sedentary,Sometimes edge democratic expect Democrat.,1508.8
50,65.1,sedentary,Operation property matter do hundred sport.,2018.1
50,76.23,moderate,Say conference yourself small assume should tend.,2896.7400000000002
68,65.24,moderate,Smile her surface decide.,2479.12
60,83.88,active,Game author leg go laugh.,3355.2
54,86.6,active,Kid seem pay probably citizen.,3464.0
29,82.76,moderate,Impact great attack country.,3144.88
20,72.31,sedentary,When culture coach culture.,2458.54
18,46.75,sedentary,Professor exactly always ground road general.,1496.0
50,62.96,sedentary,Beat which the from international health require first.,2140.64
57,68.58,sedentary,Benefit police federal remember need room six from.,2194.56
27,61.06,sedentary,Our available size.,2014.98
60,68.6,active,Ten reason machine trade option make treatment.,2744.0
61,86.1,moderate,Mrs right glass mention.,3013.5
46,53.54,active,Particularly create feel artist travel within.,2355.7599999999998
30,88.12,sedentary,Another day value while cup.,2643.6000000000004
29,78.85,sedentary,Market piece cultural whether.,2602.0499999999997
48,72.68,sedentary,Officer water myself left.,2471.1200000000003
63,62.86,sedentary,Project whatever amount computer finish guy.,2011.52
19,61.26,moderate,Board able guy serve executive two.,2144.1
68,53.74,sedentary,Car beat machine clearly program.,1665.94
67,87.17,moderate,A agreement tree country baby threat.,3050.9500000000003
52,85.38,sedentary,Black add particularly six wish.,2732.16
40,55.94,moderate,Fund doctor knowledge soldier against country.,2181.66
34,64.47,active,Fall determine and see room senior debate.,2707.74
43,74.33,sedentary,Radio land establish.,2304.23
25,67.0,moderate,Nearly what apply either role economic American reason.,2546.0
46,50.81,active,Program edge traditional both player very.,2032.4
43,63.42,sedentary,You any southern box.,2156.28
27,89.51,sedentary,Size perhaps continue about couple none.,2953.8300000000004
43,64.1,sedentary,None ground north clear almost attack.,2051.2
51,68.37,moderate,Present vote response knowledge parent agreement tend hair.,2666.4300000000003
68,58.55,moderate,Operation group hard key bill how.,2224.9
58,75.88,active,Reflect fill nature only dog.,3338.72
24,71.15,moderate,Situation visit stop country three low lot.,2561.4
21,62.58,moderate,Yard price vote identify great last action.,2252.88
70,56.95,sedentary,Now know player camera.,1708.5
67,84.05,sedentary,Past condition economic wind onto.,2521.5
62,53.94,sedentary,Information benefit administration remain investment.,1672.1399999999999
28,75.04,sedentary,Hand really draw why then lawyer go style.,2551.36
46,48.46,sedentary,Decide movie young food attack knowledge face.,1502.26
53,77.07,sedentary,While no fish left prove.,2312.1
42,79.7,sedentary,Management floor fight door glass exist tonight.,2470.7000000000003
38,80.95,active,Approach room worker general next.,3318.9500000000003
53,68.39,active,Pretty woman often treatment character.,3009.16
27,85.84,active,Child air power add.,3691.1200000000003
54,93.08,active,Fund one option million see low.,3723.2
26,66.78,sedentary,Usually modern sure up door learn never move.,2270.52
41,65.49,active,Contain consider station think than star.,2685.0899999999997
52,71.49,sedentary,Three least particularly over.,2216.19
66,65.22,active,Century describe story already oil sign matter.,2804.46
52,63.76,moderate,Begin happen red return friend wrong note.,2231.6
65,64.63,active,Indeed well deal.,2585.2
53,87.16,active,Employee purpose garden their.,3660.72
35,77.72,sedentary,Guy buy charge American book evidence that.,2331.6
66,65.19,active,Treatment see rich laugh might modern conference.,2803.17
56,45.45,moderate,Floor to usually leader education.,1681.65
49,54.56,sedentary,Bed individual perhaps avoid.,1745.92
41,75.03,sedentary,Brother win to between.,2325.93
40,48.78,active,Thank upon reveal watch recognize.,1999.98
49,72.93,sedentary,Rich TV value experience.,2187.9
54,59.34,sedentary,Always Republican cut individual pay guy.,1898.88
29,70.92,sedentary,Shake operation realize section.,2198.52
66,70.64,sedentary,Sea hair mother benefit toward against.,2331.12
30,71.21,sedentary,Far citizen cause station interesting almost down quite.,2207.5099999999998
40,66.06,sedentary,Movement maybe still either data appear.,2047.8600000000001
42,65.73,moderate,Any compare establish beautiful clear player know assume.,2432.01
52,62.79,active,Bar issue either level soldier nothing strong.,2637.18
58,74.84,moderate,Mention pressure central various.,2918.76
47,78.05,sedentary,Act international campaign improve likely.,2575.65
34,57.81,sedentary,Training your discover many.,1849.92
66,69.48,active,Page measure people government show.,2779.2000000000003
37,71.97,moderate,A case continue town radio.,2734.86
65,71.84,active,College them day yet radio scientist around.,3089.1200000000003
42,71.67,moderate,Order happen stand apply base institution pick many.,2651.79
39,65.98,sedentary,Hotel benefit this manager adult.,2177.34
30,72.79,active,Mouth fast total much.,3057.1800000000003
36,76.18,active,Or assume issue run customer.,3123.38
66,71.41,sedentary,Give idea break treatment.,2427.94
53,75.06,active,Rather product peace baby process.,3077.46
29,79.9,moderate,Audience she listen seven recently hit memory spring.,2956.3
58,51.49,moderate,Beat key space break.,1905.13
36,79.43,moderate,According there rule tell.,2859.4800000000005
29,73.42,moderate,You everything arm myself also work stand it.,2569.7000000000003
26,58.88,sedentary,Final voice season case.,1766.4
24,78.02,active,Room surface my door finally alone.,3120.7999999999997
45,66.02,moderate,Within choice edge eat century.,2442.74
31,67.38,sedentary,Head cold born give down know.,2223.54
48,64.92,active,What current can leader walk.,2726.64
69,73.02,active,Customer tonight claim recent.,3139.8599999999997
36,62.15,sedentary,Seat serve charge national benefit guy.,1926.6499999999999
64,79.01,sedentary,Rate stay this throughout student PM door.,2686.34
33,68.61,moderate,Fear leader play night science.,2607.18
70,66.36,active,Deep easy contain as organization want stuff.,2654.4
22,77.53,active,Long seven civil father defense lot.,3256.26
52,66.8,sedentary,Them model skill choose officer popular.,2070.7999999999997
29,79.48,active,Risk most try theory carry wish.,3179.2000000000003
42,79.8,moderate,Each hold series organization discussion home way.,2872.7999999999997
69,56.65,active,Identify guy film meet call grow energy.,2492.6
38,81.09,sedentary,Play check last instead must like some.,2594.88
53,55.38,sedentary,Serve environment anyone should.,1772.16
70,81.72,moderate,Point reason much positive discussion speech.,3187.08
40,90.28,moderate,Site responsibility person sit.,3340.36
33,78.75,active,Too half season.,3386.25
56,48.43,active,Form goal ever turn issue.,1985.6299999999999
62,80.64,sedentary,Note realize along include meeting shoulder because.,2419.2
70,92.46,moderate,Smile lay like mouth successful than.,3605.9399999999996
59,66.97,moderate,Material require floor rule behind.,2544.86
56,69.65,moderate,Pattern civil east well off plan.,2437.75
31,58.12,active,Cold adult social.,2324.7999999999997
48,73.12,moderate,Future experience enter by happen read.,2851.6800000000003
22,82.69,sedentary,Police end tell sea around great.,2728.77
52,76.98,sedentary,Box act begin lot music strong husband accept.,2309.4
40,101.42,active,Where beyond star image.,4056.8
46,70.33,active,Anything business man must lot million economy firm.,3024.19
60,53.69,moderate,Goal now college sport myself tree herself.,1986.53
28,71.71,active,Table action west adult politics.,2868.3999999999996
35,45.84,sedentary,Common including do dinner.,1421.0400000000002
64,64.67,moderate,Return machine decision phone society meet water.,2457.46
29,86.24,sedentary,Safe building fish remember church.,2587.2
26,73.25,moderate,Bring the heavy low.,2856.75
27,71.79,active,Take political enter back.,2943.3900000000003
61,88.21,moderate,Car lay run.,3087.35
34,67.29,moderate,Moment also movement join or.,2422.44
55,82.62,sedentary,Change door kind all.,2561.2200000000003
24,71.29,sedentary,Station even least build conference.,2281.28
63,73.8,moderate,People reach technology ever age toward western.,2656.7999999999997
30,57.83,active,Group base industry tree past professional.,2428.86
57,65.18,active,Special administration white official.,2802.7400000000002
59,56.02,sedentary,Try fill rule town report.,1792.64
26,69.05,active,Worry their into there.,3038.2
67,73.9,sedentary,Card college security along very step grow technology.,2217.0
44,58.9,active,School article practice somebody chance should age especially.,2532.7
19,90.49,moderate,Remain evidence fine.,3438.62
22,72.78,sedentary,Western establish forward indicate word dark in.,2474.52
46,70.58,sedentary,Culture look seek hit Mrs choice anything.,2258.56
54,77.7,moderate,Commercial increase media production blue throughout national offer.,2719.5
55,61.71,sedentary,Know around almost necessary.,1974.72
36,71.63,active,Your truth value deal good.,2936.83
25,62.83,active,Raise black assume.,2638.86
65,85.59,sedentary,Floor end across will note east ok.,2824.4700000000003
62,59.41,active,Travel go personal early own could.,2376.3999999999996
18,70.63,sedentary,Concern career address military day.,2260.16
39,73.29,moderate,Dream property smile believe decade.,2565.15
69,73.95,sedentary,Threat action language her old decision some perform.,2218.5
34,64.19,moderate,Leg white nice new happen create.,2310.84
24,61.04,active,Above civil attention coach.,2502.64
42,64.33,moderate,Size customer candidate.,2444.54
62,75.28,active,How any top kitchen impact hit.,3312.32
21,68.56,sedentary,Should deep vote stage.,2056.8
53,77.96,active,Forget less nation event for situation.,3430.24
23,74.77,sedentary,Best both already together.,2467.41
48,47.23,sedentary,Right purpose society note political last real.,1416.8999999999999
36,72.47,moderate,Beautiful race also.,2536.45
61,92.5,moderate,Foot entire girl success decide.,3607.5
56,83.25,moderate,Between away without top on walk.,3080.25
44,74.22,moderate,One that any attention defense among hope.,2671.92
27,59.41,active,Again short scene radio.,2495.22
43,74.78,active,Former avoid all hot plant.,3290.32
36,77.4,active,Else process wait account view station listen.,3173.4
56,67.46,sedentary,Hospital star program people night.,2158.72
20,73.17,active,Game certain mother partner.,2999.9700000000003
62,85.1,active,Agency stop piece tell assume include probably.,3404.0
30,61.43,active,Security bank thus one him.,2580.06
67,59.42,moderate,Pay company medical.,2139.12
45,76.93,active,Day either dark eye maybe.,3154.13
37,74.58,sedentary,Spend pattern his pretty.,2311.98
45,80.29,moderate,Size explain daughter surface.,2970.73
25,75.7,sedentary,Time talk last begin.,2498.1
58,64.32,active,Science media night measure director.,2701.4399999999996
56,74.32,moderate,Oil hear rock case quite very two.,2898.4799999999996
18,58.58,sedentary,Rise animal establish trade baby.,1874.56
20,67.5,active,What identify eye together.,2767.5
30,75.03,sedentary,Nation reach door sing.,2250.9
45,66.39,sedentary,Game huge evidence.,2124.48
66,94.68,sedentary,Parent girl its.,3029.76
42,51.08,active,Wall sure would different necessary although senior real.,2094.2799999999997
50,64.53,active,Yeah dream will matter.,2581.2
55,60.62,sedentary,Impact according ground.,1818.6
70,63.0,moderate,Night somebody cold east.,2457.0
23,63.57,moderate,Right save help argue.,2352.09
61,56.74,active,Wind process choice growth city pull business.,2269.6
62,77.53,active,Themselves yard today serious matter pull PM million.,3101.2
49,64.53,active,Guy bank buy nor reduce than.,2774.79
62,71.64,active,Decade information apply outside shoulder.,3080.52
64,65.65,active,Process measure music else bed policy.,2626.0
38,63.09,moderate,Question because approach.,2460.51
33,86.72,active,Student book everything fish.,3468.8
38,79.23,sedentary,Recently tonight national no.,2456.13
28,51.32,sedentary,Anything court child like off fact.,1642.24
54,50.26,moderate,Often cultural night good test seven.,1960.1399999999999
53,80.43,sedentary,Sometimes represent force wait government.,2493.3300000000004
52,64.8,moderate,Most south then sure.,2527.2
36,53.51,moderate,Individual wonder partner.,1926.36
37,80.46,sedentary,Interesting themselves police guess work produce wife.,2574.72
35,71.69,active,Billion authority force heavy east.,3010.98
64,72.52,sedentary,Despite assume nice anyone night quite.,2393.16
58,78.1,sedentary,Important remember vote particularly beyond bring or.,2421.1
66,56.9,moderate,Candidate fire edge task then specific protect.,2162.2
31,53.68,sedentary,Table such television level.,1664.08
32,85.81,moderate,Former American interview minute method move task.,3260.78
48,55.63,active,Understand control bag author only present.,2336.46
18,57.78,active,Fly network fish beautiful.,2542.32
70,59.78,active,Represent use manage trade ahead field.,2570.54
20,90.8,sedentary,Result Mrs rest begin save major.,2814.7999999999997
33,74.93,moderate,Lay better fall through allow peace study skill.,2697.4800000000005
40,79.65,active,No bit thousand policy task ask.,3345.3
28,71.96,moderate,Management worry bank huge.,2590.56
29,63.98,moderate,Series national say hold during.,2239.2999999999997
27,76.31,active,Compare must call state.,3357.6400000000003
49,54.43,active,School control wall finally card south science.,2340.49
33,59.05,moderate,Federal whose hit loss.,2302.95
25,77.33,active,Program capital college produce story.,3247.86
55,56.43,moderate,Fine social notice thus relationship upon.,2144.34
29,68.11,moderate,Wrong apply research effort accept.,2588.18
41,68.56,active,Participant best least popular.,2742.4
45,64.71,sedentary,Job exist imagine.,2070.72
70,50.49,active,Get station something use.,2070.09
25,63.71,sedentary,Check book any look concern.,1911.3
45,61.75,moderate,Time reach join everybody above lead.,2161.25
53,71.61,moderate,Purpose hard process alone chance enough.,2792.79
43,71.1,sedentary,Off ball language continue poor wife.,2417.3999999999996
25,73.78,moderate,Reality class what.,2877.42
67,63.24,sedentary,Upon yet foreign increase peace.,1897.2
45,75.23,sedentary,On season development join behind.,2332.13
45,54.44,moderate,Imagine kind lose then.,2068.72
54,51.78,sedentary,Interesting but interview arm last cause operation debate.,1760.52
58,46.64,active,Would food view special check new although prove.,1912.24
53,65.01,active,Only career audience class head drug have.,2730.42
44,62.47,moderate,Day gas father officer case real simply.,2436.33
34,77.89,moderate,Whatever economy city long pressure down operation nice.,2959.82
26,63.51,sedentary,Away almost herself pretty.,2032.32
50,72.73,sedentary,Draw early fund unit treat.,2327.36
70,78.13,sedentary,Five will total poor.,2578.29
37,63.14,sedentary,Theory floor paper visit.,2146.76
30,72.98,active,Analysis experience others practice whose attention court.,2919.2000000000003
45,80.02,active,Bit learn major Republican.,3440.8599999999997
65,57.62,moderate,Vote southern alone several at they.,2189.56
46,70.25,sedentary,Discussion only thought kind operation.,2318.25
30,63.18,sedentary,Rate push must become would lose.,2021.76
63,58.26,moderate,Once you group one.,2097.36
52,54.64,sedentary,Current serve sell economic leave.,1639.2
23,58.09,sedentary,Later return who.,1975.0600000000002
35,70.6,sedentary,Boy wall today hundred.,2400.3999999999996
68,53.89,sedentary,My hundred off student support.,1670.59
22,64.49,sedentary,Place group through anyone receive future country.,2128.1699999999996
64,78.13,moderate,Treat few benefit class ago.,2734.5499999999997
42,74.49,sedentary,Imagine certainly member job go left stay drug.,2532.66
19,64.69,moderate,Half product believe safe good ever.,2522.91
27,86.9,sedentary,Into foreign determine member.,2867.7000000000003
47,88.93,active,Head cause religious ten lot.,3646.13
67,70.26,active,Next receive particularly military drop two.,2810.4
62,45.31,active,Student without civil rise relationship play doctor learn.,1857.71
22,78.86,active,Pattern including man more business chance lawyer.,3233.2599999999998
50,47.06,moderate,Interview catch drug.,1647.1000000000001
18,84.76,moderate,Feel subject reach authority city off or.,2966.6000000000004
35,80.84,sedentary,Chair control quickly.,2748.56
49,87.74,active,Growth federal above discussion.,3860.56
64,72.6,moderate,Magazine main meeting argue commercial source heart.,2541.0
66,66.39,sedentary,Movement field one.,2124.48
28,65.5,sedentary,Manager author development better friend structure partner.,2227.0
38,64.54,moderate,Concern policy explain medical.,2387.98
43,79.81,active,Guess glass lay where rise draw perform live.,3192.4
42,77.12,sedentary,Entire role quality.,2622.08
39,71.2,active,Respond next time final check parent easy.,2919.2000000000003
44,62.78,active,Face maybe decision effort.,2511.2
66,96.29,active,Sing sister audience whole shoulder serious test practice.,4140.47
30,79.12,sedentary,Early financial lose use.,2531.84
50,54.02,active,Near lead maybe TV seat social senior.,2160.8
51,64.84,sedentary,New news employee leg region behind dinner.,1945.2
58,79.32,active,Somebody than pressure side sound center policy.,3490.08
52,62.0,sedentary,Budget form teach mission.,2108.0
18,73.52,active,Network last will current factor.,3234.8799999999997
38,79.51,moderate,Industry leader each site wrong yeah.,3021.38
65,36.12,active,Low glass successful cover place policy item.,1589.28
23,68.92,active,Wait citizen interest memory miss camera writer.,2756.8
45,69.31,sedentary,Tell ok then concern rich expert.,2356.54
34,65.88,sedentary,Stuff respond up every small.,2042.2799999999997
22,73.02,active,Serious hundred PM production how store.,3212.8799999999997
48,76.58,moderate,Him north professor spring.,2910.04
22,71.42,moderate,Discuss air live range artist edge understand could.,2571.12
55,66.26,sedentary,Fight today risk research about free.,1987.8000000000002
20,76.33,moderate,Say continue unit box scene something attention.,2671.5499999999997
70,70.49,active,Anyone claim table picture onto.,2960.58
40,67.69,sedentary,Six study great.,2098.39
54,56.88,active,International place save want together letter along.,2388.96
70,54.37,sedentary,Rate cultural care police role thing more.,1685.47
54,56.69,sedentary,Religious computer soon play.,1757.3899999999999
27,72.78,sedentary,Right mother page information.,2401.7400000000002
27,69.21,sedentary,Address when talk there.,2214.72
36,55.2,moderate,Whether cause write send sing.,2097.6
34,76.46,active,Beautiful list everyone Democrat.,3134.8599999999997
38,83.74,active,Ground past store off.,3349.6
31,64.02,active,Lose act hospital law size.,2624.8199999999997
26,52.59,sedentary,See decision TV attention.,1735.47
63,62.91,moderate,Commercial there face.,2327.67
18,78.54,active,Again hotel chair thank nice read lose their.,3298.6800000000003
68,75.49,moderate,Much Mr letter area.,2868.62
62,60.78,sedentary,Sense sort behind.,1944.96
30,85.21,active,Shoulder loss another ever.,3749.24
21,83.48,moderate,In little rate like course success control.,2921.8
18,62.67,sedentary,Maintain key something total benefit current.,1880.1000000000001
66,62.57,moderate,Hour significant blue.,2189.95
57,64.07,active,Wonder article suddenly party never television score.,2690.9399999999996
49,64.93,active,Up accept save teacher animal so.,2727.0600000000004
51,79.51,sedentary,House cultural perhaps action economy color kind.,2464.81
45,74.25,sedentary,Allow interest blue science.,2301.75
48,78.77,sedentary,Billion prove significant data grow ok middle.,2363.1
25,76.74,moderate,Case lose enjoy.,2992.8599999999997
56,87.15,moderate,Artist indeed special appear always.,3137.4
43,59.41,moderate,Cut dream couple possible.,2138.7599999999998
51,73.8,sedentary,Party herself event purpose baby protect.,2361.6
20,48.26,active,Last wish cell discussion news out anyone.,2123.44
67,56.83,active,Parent develop church let watch attorney right.,2273.2
29,69.25,moderate,Read human wind whatever.,2493.0
18,74.18,moderate,Goal modern site start occur perhaps sit.,2893.0200000000004
61,68.98,active,Oil whole every.,3035.1200000000003
22,64.33,active,Fight even top argue have light staff.,2573.2
47,66.11,moderate,Hundred available case interest language.,2578.29
47,83.69,moderate,Against nice serious guess.,3263.91
34,66.16,active,Top traditional total major.,2911.04
65,87.49,sedentary,Matter only everything every air.,2712.19
64,77.94,moderate,Budget sell cup have.,2727.9
40,74.58,active,Pay policy public thus include material.,3281.52
32,58.06,active,Guess skin school great.,2554.6400000000003
54,79.35,active,Wish trial herself stand rock.,3253.35
38,65.06,active,Clearly decision century score that consumer.,2602.4
31,58.06,sedentary,Born least region center population suddenly citizen.,1857.92
19,75.13,active,Truth most newspaper of.,3080.33
28,56.12,moderate,Sell already deal hair.,1964.1999999999998
68,62.38,sedentary,Push physical others type especially free.,2120.92
56,69.9,active,Card seat box something need.,2796.0
55,92.18,sedentary,South teacher reality building.,2765.4
51,63.13,moderate,Play someone trouble.,2209.55
55,65.42,active,Responsibility morning power summer southern point.,2747.64
67,77.32,moderate,With trip challenge public early place might.,2706.2
51,57.62,active,Tax often rest yourself.,2420.04
35,74.43,active,Center under official ready court.,3274.92
47,82.06,active,Expect whole believe box shoulder particularly.,3446.52
32,66.93,active,Direction occur consider.,2944.92
44,80.26,active,Audience body management enough example own hard.,3531.44
68,72.91,sedentary,Compare laugh field home concern across financial.,2333.12
51,62.69,active,Chance common same character.,2570.29
69,68.02,active,Life understand represent raise field foreign more allow.,2924.8599999999997
55,66.2,sedentary,Coach big station red.,1986.0
50,69.12,sedentary,Set detail enjoy difference.,2280.96
41,71.53,sedentary,Live energy seat hold special.,2145.9
32,75.88,sedentary,Face sure in interesting.,2276.3999999999996
47,75.09,sedentary,Garden able never player one.,2553.06
59,45.68,sedentary,Well my magazine determine.,1370.4
68,69.03,active,List sound want also accept.,2761.2
34,54.91,active,Return race fact store inside.,2306.22
22,67.24,moderate,Democrat own white year.,2555.12
46,68.76,active,Hot work relate TV store.,2887.92
21,79.76,active,Store series measure blood woman natural.,3190.4
27,69.7,sedentary,Whether simply star mother think money.,2369.8
34,72.59,sedentary,Some red phone parent response.,2322.88
27,77.93,active,Receive sound wall.,3273.0600000000004
34,82.28,moderate,Seat research near.,2962.08
37,68.77,sedentary,Agency they attention office actually.,2063.1
41,70.94,active,Attack social environmental tax not.,3121.3599999999997
22,70.1,active,Letter determine yet very.,2944.2
51,64.57,moderate,Republican show money economic.,2389.0899999999997
23,62.31,moderate,Relate once picture charge them.,2430.09
70,47.28,sedentary,Direction manager share friend yeah age region.,1418.4
19,59.23,moderate,About spring choose.,2132.2799999999997
30,52.21,active,Conference arrive learn baby part party understand.,2192.82
60,82.55,active,Full success education place again.,3384.5499999999997
60,71.88,moderate,Make relationship summer trip.,2731.4399999999996
65,68.74,moderate,Government show instead other participant military really.,2405.8999999999996
28,62.83,moderate,Tree thus represent authority work.,2387.54
68,70.3,moderate,Bank anything once minute.,2671.4
64,61.52,sedentary,Matter road various structure.,2030.16
40,71.74,moderate,That somebody agent mention song everybody speak.,2510.8999999999996
33,72.46,sedentary,Professional decide be unit.,2173.7999999999997
48,61.39,active,Ground her member instead Congress already challenge fund.,2701.16
28,61.2,moderate,Anything those start you floor everyone well.,2203.2000000000003
33,79.62,sedentary,Cultural blood performance its.,2468.2200000000003
25,69.47,moderate,Consumer stuff cover physical address evidence.,2709.33
21,62.19,active,Provide together find loss.,2736.3599999999997
57,66.29,active,Structure professional military half.,2850.4700000000003
21,59.89,active,Save simply possible full best.,2635.16
42,69.33,moderate,Child agency dog meeting.,2565.21
20,78.32,moderate,Cover level story while.,2819.5199999999995
49,69.72,sedentary,Standard white bit body agreement keep but election.,2370.48
20,93.64,active,Choose food plant call.,3932.88
44,74.21,moderate,Himself main ago blood lawyer tax garden.,2745.77
46,72.3,active,Leader real dog wide loss building level.,3036.6
49,60.92,active,Treat trip as organization must miss exactly.,2558.64
67,67.61,sedentary,Happy actually cell operation support open father.,2231.13
68,62.21,sedentary,Next day arrive to.,1990.72
36,48.34,sedentary,Eye open size.,1595.22
38,79.74,sedentary,Tend cause always concern out partner.,2631.4199999999996
22,64.89,active,Recognize painting beautiful person reality.,2725.38
35,62.4,sedentary,Much protect end information cold.,1934.3999999999999
45,72.11,sedentary,Green range president happy tonight.,2307.52
59,75.12,sedentary,Story could west bag service.,2403.84
39,66.79,sedentary,Glass second would fear with score.,2137.28
38,69.97,active,Apply couple police most image.,2868.77
23,77.46,sedentary,Interview try American tell street example.,2323.7999999999997
18,66.4,active,Home financial central until my college.,2656.0
22,73.02,moderate,Company building participant past early decade could.,2774.7599999999998
58,53.41,active,None head defense camera political election law.,2296.6299999999997
29,57.59,active,Day soldier style learn.,2361.19
43,76.06,sedentary,Computer on pressure continue wonder seven reflect.,2586.04
63,57.06,moderate,Watch building lead building tree owner.,1997.1000000000001
51,72.34,moderate,Could way five others.,2748.92
66,68.53,moderate,Including soon fire worry economic accept.,2398.55
31,66.36,moderate,Check mean usually again authority moment mean.,2388.96
43,61.72,active,Hard professional how note lose.,2530.52
62,79.09,moderate,Other baby themselves care.,3084.51
44,87.3,active,Environment wind also off return play many of.,3841.2
26,73.0,active,Success attorney once military actually little sit.,2993.0
43,73.22,active,International do return still friend fire.,3148.46
64,63.18,moderate,Summer thus organization authority score game.,2211.3
39,58.04,sedentary,Meet if something special.,1857.28
64,69.6,sedentary,Computer whose heavy also.,2366.3999999999996
47,60.26,moderate,Agreement appear store always financial ball.,2229.62
60,52.27,sedentary,Against forward stand hospital market agency shake care.,1724.91
65,78.03,sedentary,Player interest fly peace study themselves.,2653.02
34,78.52,active,Recognize career natural economy.,3297.8399999999997
43,61.41,active,Kind discussion role score church road.,2640.6299999999997
53,72.44,moderate,After network force know learn PM.,2535.4
18,80.02,moderate,Civil recognize mean bank Mr computer term.,3040.7599999999998
25,72.05,sedentary,Resource let not imagine.,2449.7
66,58.07,active,Card response state serious occur high present.,2380.87
52,67.67,moderate,Hope behavior lot space husband.,2368.4500000000003
69,83.27,moderate,Their when clear I father environment fact.,3080.99
32,72.47,moderate,Would draw he.,2826.33
